<?xml version="1.0" encoding="UTF-8"?>
<project-private xmlns="http://www.netbeans.org/ns/project-private/1">
    <editor-bookmarks xmlns="http://www.netbeans.org/ns/editor-bookmarks/2" lastBookmarkId="0"/>
    <open-files xmlns="http://www.netbeans.org/ns/projectui-open-files/2">
        <group>
            <file>file:/C:/Users/Artuu/OneDrive/Documentos/NetBeansProjects/SistemaAvaliacaoImoveis/src/br/com/imoveis/sistemaimobiliario/ViewPrincipal.java</file>
            <file>file:/C:/Users/Artuu/OneDrive/Documentos/NetBeansProjects/SistemaAvaliacaoImoveis/src/br/com/imoveis/sistemaimobiliario/ViewRelatorios.java</file>
            <file>file:/C:/Users/Artuu/OneDrive/Documentos/NetBeansProjects/SistemaAvaliacaoImoveis/src/br/com/imoveis/sistemaimobiliario/ViewCadastroProp.java</file>
            <file>file:/C:/Users/Artuu/OneDrive/Documentos/NetBeansProjects/SistemaAvaliacaoImoveis/src/br/com/imoveis/sistemaimobiliario/ViewCadastro.java</file>
            <file>file:/C:/Users/Artuu/OneDrive/Documentos/NetBeansProjects/SistemaAvaliacaoImoveis/src/br/com/imoveis/sistemaimobiliario/ViewAvaliacoes.java</file>
            <file>file:/C:/Users/Artuu/OneDrive/Documentos/NetBeansProjects/SistemaAvaliacaoImoveis/src/br/com/imoveis/sistemaimobiliario/ViewLogin.java</file>
        </group>
    </open-files>
</project-private>
